,accuracy,precision,recall,f1,roc_auc
Random Forest,0.9354207436399217,0.1,0.04,0.05714285714285714,0.7934362139917694
Gradient Boosting,0.9412915851272016,0.25,0.1,0.14285714285714285,0.7500823045267488
K-Nearest Neighbors,0.8473581213307241,0.136986301369863,0.4,0.20408163265306123,0.7263786008230453
